Annual Distance (miles/vehicle),2020.0
LDVs,12900.810819224
HDVs,38511.004550053
aircraft,477959.839558392
rail,21304.033464315
ships,99584.806494382
motorbikes,0.0
