Annual Distance (miles/vehicle),2020.0
LDVs,14395.252185052
HDVs,11259.499121915
aircraft,1131278.05943243
rail,33229.129032258
ships,245.985988188
motorbikes,2447.180191769
