Annual Distance (miles/vehicle),2020.0
LDVs,12559.23305672
HDVs,41370.476335139
aircraft,883373.113509014
rail,22072.148392776
ships,97858.721965601
motorbikes,0.0
