Annual Distance (miles/vehicle),2020.0
LDVs,14294.437705551
HDVs,19207.138975448
aircraft,491756.58452177
rail,0.0
ships,261.220884973
motorbikes,2818.223259016
