Annual Distance (miles/vehicle),2020.0
LDVs,12826.008681152
HDVs,38354.825333408
aircraft,1119528.105773152
rail,21217.910262597
ships,99104.107128364
motorbikes,0.0
