Annual Distance (miles/vehicle),2020.0
LDVs,14212.1822947
HDVs,19129.201302529
aircraft,1151844.510629337
rail,33229.129032258
ships,259.948229325
motorbikes,2801.352669612
