solar pv,Hour0,Hour1,Hour2,Hour3,Hour4,Hour5,Hour6,Hour7,Hour8,Hour9,Hour10,Hour11,Hour12,Hour13,Hour14,Hour15,Hour16,Hour17,Hour18,Hour19,Hour20,Hour21,Hour22,Hour23
Winter,0,0,0,0,0.0,1.2242224657064684e-06,0.026351388574331728,0.2935942559481909,0.49357221994380823,0.5308130673505989,0.5452099235473069,0.5432548402695742,0.5487822047022384,0.5519333533289671,0.5232889960763671,0.35900935918075016,0.05770250169860867,0.0,0.0,0,0,0,0,0
Spring,0,0,0,0,4.28477862997264e-05,0.08424180842142635,0.38536992942357484,0.6233052170240377,0.7175764679957644,0.7557614969792313,0.7676655301801448,0.7741171825744173,0.7691300063047456,0.7488828970000428,0.7247335785859008,0.6575115229939584,0.46677613255880857,0.11649854011470966,0.0,0,0,0,0,0
Summer,0,0,0,0,7.929302981903388e-05,0.1296602860051039,0.43538831738572514,0.595293230478946,0.6865239068484904,0.7196473563865684,0.733217792061311,0.7347712881557252,0.7325624108964806,0.7049198897665069,0.667043713114582,0.5986931214105746,0.47672425929791684,0.20571039272704908,0.0013463632818252285,0,0,0,0,0
Fall,0,0,0,0,0.0,0.001174751836559477,0.28635787695339987,0.6097146668574579,0.6884230399069431,0.7118511457869336,0.7122827343791472,0.711798062698052,0.7229270476801536,0.7180226318595466,0.6977841272332401,0.5710609463099179,0.23397179210816024,0.011491334762730131,0.0,0,0,0,0,0
Summer Peak,0,0,0,0,0.0,0.14585386456426863,0.47402505983387305,0.4433338026186118,0.5242855131634521,0.6286076305786288,0.6398704772631283,0.6676052372237083,0.7060397015345629,0.6887230747571449,0.594678304941574,0.5430099957764325,0.4460087287061805,0.2186400112628467,0.0,0,0,0,0,0
Winter Peak,0,0,0,0,0.0,0.0,0.0007039279177812192,0.09488948331690836,0.13247923412642545,0.2073771645783472,0.31155849640996763,0.27396874560045054,0.30620864423483035,0.1959735323102914,0.16415599042658033,0.20104181331831622,0.0,0.0,0.0,0,0,0,0,0
