solar pv dist,Hour0,Hour1,Hour2,Hour3,Hour4,Hour5,Hour6,Hour7,Hour8,Hour9,Hour10,Hour11,Hour12,Hour13,Hour14,Hour15,Hour16,Hour17,Hour18,Hour19,Hour20,Hour21,Hour22,Hour23
Winter,0,0,0,0,0.0,0.0,0.07051156672915877,0.2372765979253769,0.32260861024158394,0.34869129623382,0.34745113446616244,0.3500339507095484,0.34228891840299264,0.46590195718367117,0.4131626260340019,0.23933670135760143,0.03106297749858003,0.0,0.0,0,0,0,0,0
Spring,0,0,0,0,0.000458014289191717,0.009430396774896122,0.2723839803897285,0.38722278925363957,0.42577392670917275,0.4477447333694905,0.4403097415048493,0.4415535332225844,0.4366723180007089,0.4978081507326096,0.4789035842554118,0.4102035761414058,0.23861049781562407,0.11017752591143778,0.0,0,0,0,0,0
Summer,0,0,0,0,0.0005938490336405317,0.007890515011622955,0.2738411758662464,0.35597072301684335,0.40441006291864373,0.41888936682822525,0.42629328690924156,0.4318411465124918,0.4215402366590008,0.45229055249410943,0.410240170161457,0.3586520755926919,0.24858227010647507,0.1353287112459879,0.0007270699195142631,0,0,0,0,0
Fall,0,0,0,0,0.0,0.0,0.2380647976542611,0.3704666841641695,0.40532911675718664,0.4188225898129109,0.41986921958453627,0.41433657359175946,0.41681628105068735,0.5149611700354727,0.47847243579731447,0.3400725555961684,0.10359863519477779,0.03342130390747149,0.0,0,0,0,0,0
Summer Peak,0,0,0,0,0.0007661329928297809,0.010784795206757684,0.34589922404478934,0.37835183184363025,0.3959139573715745,0.45453295354090956,0.43532069541302426,0.45826539632649055,0.48838031627541495,0.557725174344367,0.5270405657597486,0.5034083095963068,0.3631666830370297,0.21962479127787055,0.0011786661428150479,0,0,0,0,0
Winter Peak,0,0,0,0,0.0,0.0,0.08604262842549847,0.3046851979176898,0.3516550437088695,0.37281210097239953,0.4144779491209115,0.3996856890285827,0.407936352028288,0.5144877713387682,0.46631961496906005,0.28146547490423335,0.05789215204793242,0.0,0.0,0,0,0,0,0
