Unit: dimensionless (ratio of electricity demand in this hour to annual demand),Hour0,Hour1,Hour2,Hour3,Hour4,Hour5,Hour6,Hour7,Hour8,Hour9,Hour10,Hour11,Hour12,Hour13,Hour14,Hour15,Hour16,Hour17,Hour18,Hour19,Hour20,Hour21,Hour22,Hour23
Winter,0,0,0,0,0.0,1.173213196302032e-06,0.025794265333896477,0.2957459289502088,0.4967713172837769,0.5334858510488525,0.5473731756534795,0.5452836829508662,0.5508752170444412,0.5540733962175608,0.5257039279177814,0.3638826317518417,0.06153385893284528,0.0,0.0,0,0,0,0,0
Spring,0,0,0,0,4.28477862997264e-05,0.08424180842142635,0.38536992942357484,0.6233052170240377,0.7175764679957644,0.7557614969792313,0.7676655301801448,0.7741171825744173,0.7691300063047456,0.7488828970000428,0.7247335785859008,0.6575115229939584,0.46677613255880857,0.11649854011470966,0.0,0,0,0,0,0
Summer,0,0,0,0,7.957446027092041e-05,0.13307298202229315,0.44366434268435273,0.601979261671431,0.691529604759777,0.7243494787872856,0.737263495522406,0.7380102712264874,0.7366192484498283,0.7110452411412206,0.6729719224577492,0.6063099486438678,0.48366122091706504,0.21044231157685978,0.001415507225973104,0,0,0,0,0
Fall,0,0,0,0,0.0,0.001174751836559477,0.28635787695339987,0.6097146668574579,0.6884230399069431,0.7118511457869336,0.7122827343791472,0.711798062698052,0.7229270476801536,0.7180226318595466,0.6977841272332401,0.5710609463099179,0.23397179210816024,0.011491334762730131,0.0,0,0,0,0,0
Summer Peak,0,0,0,0,0.0,0.14585386456426863,0.47402505983387305,0.4433338026186118,0.5242855131634521,0.6286076305786288,0.6398704772631283,0.6676052372237083,0.7060397015345629,0.6887230747571449,0.594678304941574,0.5430099957764325,0.4460087287061805,0.2186400112628467,0.0,0,0,0,0,0
Winter Peak,0,0,0,0,0.0,0.0,0.0007039279177812192,0.09488948331690836,0.13247923412642545,0.2073771645783472,0.31155849640996763,0.27396874560045054,0.30620864423483035,0.1959735323102914,0.16415599042658033,0.20104181331831622,0.0,0.0,0.0,0,0,0,0,0
