petroleum,Hour0,Hour1,Hour2,Hour3,Hour4,Hour5,Hour6,Hour7,Hour8,Hour9,Hour10,Hour11,Hour12,Hour13,Hour14,Hour15,Hour16,Hour17,Hour18,Hour19,Hour20,Hour21,Hour22,Hour23
Winter,0.0,0.0,0.0,0.0,0.0,0.0,0.0,0.0,0.0,0.0,0.0,0.0,0.0,0.0,0.0,0.0,0.0,0.0,0.0,0.0,0.0,0.0,0.0,0.0
Spring,0.03763497165423614,0.03763497165423614,0.03763497165423614,0.03763497165423614,0.03763497165423614,0.03763497165423614,0.03763497165423614,0.03763497165423614,0.03763497165423614,0.03810715230191763,0.03893817069995818,0.04091287755761836,0.04497685553768916,0.048131729028819834,0.0528999474679003,0.05786781876921823,0.06930967025962169,0.10354590205959455,0.10692265730015306,0.09398601492681519,0.061079363709010105,0.040401613152239495,0.039755672631795066,0.03926916127295788
Summer,0.12319020356411278,0.12319020356411278,0.12319020356411278,0.12319020356411278,0.12319020356411278,0.12319020356411278,0.12319020356411278,0.12395782129371621,0.12997683977607133,0.14156627456790072,0.15965010837883672,0.16733343231217382,0.17702384197484974,0.18448329534206576,0.19168426430947597,0.20364299943134104,0.21596423266219444,0.21114180235575614,0.2190124026280598,0.19569834966408964,0.17555972847241835,0.1555767834282649,0.12893394735420302,0.12380171462587877
Fall,0.014557695951776159,0.014557695951776159,0.014557695951776159,0.014557695951776159,0.014557695951776159,0.014557695951776159,0.014557695951776159,0.014557695951776159,0.014557695951776159,0.014557695951776159,0.014557695951776159,0.014557695951776159,0.015131682580189253,0.015642547872058845,0.017919214133109408,0.02345878683766359,0.031333971798484066,0.034038119329005315,0.03379828281097134,0.02107675461016492,0.014298210768670282,0.014009129783799845,0.014009129783799845,0.014009129783799845
Summer Peak,0.173470327257998,0.173470327257998,0.173470327257998,0.173470327257998,0.173470327257998,0.173470327257998,0.173470327257998,0.173470327257998,0.173470327257998,0.173470327257998,0.26049389644900556,0.2658724729041268,0.2737006238729314,0.24928728032524322,0.2737006238729314,0.2737006238729314,0.2737006238729314,0.2737006238729314,0.28911721209666336,0.28911721209666336,0.2737006238729314,0.173470327257998,0.173470327257998,0.173470327257998
Winter Peak,0.0,0.0,0.0,0.0,0.0,0.0,0.0,0.0,0.0,0.0,0.0,0.0,0.0,0.0,0.0,0.0,0.0,0.0,0.0,0.0,0.0,0.0,0.0,0.0
