solar pv,Hour0,Hour1,Hour2,Hour3,Hour4,Hour5,Hour6,Hour7,Hour8,Hour9,Hour10,Hour11,Hour12,Hour13,Hour14,Hour15,Hour16,Hour17,Hour18,Hour19,Hour20,Hour21,Hour22,Hour23
Winter,0,0,0,0,0.0,1.0302016914430052e-06,0.022175091408310685,0.2470639998435529,0.4153484763424593,0.4466872117961554,0.45880238368752513,0.45715715158629106,0.4618085122231558,0.4644602513769303,0.4403555922005469,0.30211179702411833,0.0485575265244746,0.0,0.0,0,0,0,0,0
Spring,0,0,0,0,3.6057059200505186e-05,0.0708907538924218,0.32429461494511497,0.5245207524376346,0.6038514336872033,0.635984712195425,0.6460021358925941,0.6514312988064982,0.6472345146659823,0.6301962664416294,0.609874250325802,0.5533058754486664,0.3927991641697319,0.09803528070983068,0.0,0,0,0,0,0
Summer,0,0,0,0,6.672628196875096e-05,0.10911108862747289,0.3663858437252726,0.5009482427608261,0.5777202345680154,0.605594117539819,0.6170138440824704,0.6183211345047157,0.6164623309355861,0.5932007319847661,0.5613273573774069,0.5038093023203435,0.4011706630438393,0.17310840183978754,0.0011329850326122612,0,0,0,0,0
Fall,0,0,0,0,0.0,0.0009885714099773161,0.24097447764543323,0.5130840992463603,0.5793183837148407,0.5990334885924039,0.5993966769100185,0.5989888183715211,0.6083540272888306,0.604226887315939,0.5871958800583927,0.4805564097094254,0.1968907961844016,0.009670131729424476,0.0,0,0,0,0,0
Summer Peak,0,0,0,0,0.0,0.12273822951851963,0.39889924593518883,0.37307208953071264,0.44119417637738134,0.528982813513697,0.5384606690749727,0.561799888394614,0.5941430704974671,0.5795708675720058,0.5004307736353542,0.45695111124800214,0.37532308022651567,0.1839888710832635,0.0,0,0,0,0,0
Winter Peak,0,0,0,0,0.0,0.0,0.000592365972579728,0.07985093310374733,0.1114832760395048,0.17451101552198786,0.2621811794637876,0.23054883652803013,0.25767919807218165,0.16491468676619625,0.13813974480559257,0.1691797217687703,0.0,0.0,0.0,0,0,0,0,0
