solar pv,Hour0,Hour1,Hour2,Hour3,Hour4,Hour5,Hour6,Hour7,Hour8,Hour9,Hour10,Hour11,Hour12,Hour13,Hour14,Hour15,Hour16,Hour17,Hour18,Hour19,Hour20,Hour21,Hour22,Hour23
Winter,0,0,0,0,0.0,1.2242224657064684e-06,0.026351388574331728,0.2935942559481909,0.49357221994380823,0.5308130673505989,0.5452099235473069,0.5432548402695742,0.5487822047022384,0.5519333533289671,0.5232889960763671,0.35900935918075016,0.05770250169860867,0.0,0.0,0,0,0,0,0
Spring,0,0,0,0,4.28477862997264e-05,0.08424180842142635,0.38536992942357484,0.6233052170240377,0.7175764679957644,0.7557614969792313,0.7676655301801448,0.7741171825744173,0.7691300063047456,0.7488828970000428,0.7247335785859008,0.6575115229939584,0.46677613255880857,0.11649854011470966,0.0,0,0,0,0,0
Summer,0,0,0,0,7.929302981903388e-05,0.1296602860051039,0.43538831738572514,0.595293230478946,0.6865239068484904,0.7196473563865684,0.733217792061311,0.7347712881557252,0.7325624108964806,0.7049198897665069,0.667043713114582,0.5986931214105746,0.47672425929791684,0.20571039272704908,0.0013463632818252285,0,0,0,0,0
Fall,0,0,0,0,0.0,0.001174751836559477,0.28635787695339987,0.6097146668574579,0.6884230399069431,0.7118511457869336,0.7122827343791472,0.711798062698052,0.7229270476801536,0.7180226318595466,0.6977841272332401,0.5710609463099179,0.23397179210816024,0.011491334762730131,0.0,0,0,0,0,0
Summer Peak,0,0,0,0,8.447135013374632e-05,0.19245389272138533,0.587667182880473,0.7183162044206675,0.7786287484161624,0.8061664085597637,0.8076587357454598,0.7943685766577503,0.8072082218780796,0.8176263550612418,0.776122765028861,0.7388427425031676,0.6043643530902436,0.29277769956356475,0.0026186118541461356,0,0,0,0,0
Winter Peak,0,0,0,0,0.0,0.0,0.012980430803885683,0.3452344079966212,0.5703505561030551,0.5949598761086865,0.5971279740954526,0.5919470646205828,0.5990145009151063,0.6032943826552161,0.5812473602703083,0.4759679008869493,0.1496550753202872,0.0,0.0,0,0,0,0,0
