Unit: dimensionless (ratio of electricity demand in this hour to annual demand),Hour0,Hour1,Hour2,Hour3,Hour4,Hour5,Hour6,Hour7,Hour8,Hour9,Hour10,Hour11,Hour12,Hour13,Hour14,Hour15,Hour16,Hour17,Hour18,Hour19,Hour20,Hour21,Hour22,Hour23
Winter,0.0,0.0,0.0,0.0,0.0,0.0,0.0,0.0,0.0,0.0,0.0,0.0,0.0,0.0,0.0,0.0,0.0,0.0,0.0,0.0,0.0,0.0,0.0,0.0
Spring,0.07279448338099316,0.07279448338099316,0.07279448338099316,0.07279448338099316,0.07279448338099316,0.07279448338099316,0.07279448338099316,0.07279448338099316,0.07279448338099316,0.07279448338099316,0.07537820975565215,0.07553352290502033,0.07783689588293843,0.07938871116349012,0.08589870130565178,0.09533989808885547,0.14197859414574096,0.22967787501355966,0.23707367659237208,0.21522190620414566,0.10964055374890122,0.07964274029762622,0.07690370077359904,0.07690370077359904
Summer,0.3016510414012841,0.3016510414012841,0.3016510414012841,0.3016510414012841,0.3016510414012841,0.3016510414012841,0.3016510414012841,0.3042347677759431,0.30971284682399747,0.33635694921942366,0.39674085899539396,0.42799170734665626,0.44087480146543456,0.46604737758125353,0.4778906633271432,0.502026063496334,0.5274289769099447,0.5160898007929364,0.5421771450342718,0.495795110537783,0.4458448222452167,0.3734425703770351,0.31221760041084207,0.3041557949881288
Fall,0.05401082737661812,0.05401082737661812,0.05401082737661812,0.05401082737661812,0.05401082737661812,0.05401082737661812,0.05401082737661812,0.05401082737661812,0.05401082737661812,0.05401082737661812,0.05401082737661812,0.05401082737661812,0.05748476694987164,0.061381534596898296,0.0666202354733646,0.07708572657633177,0.09458048626723646,0.10593133568430137,0.10789063760361636,0.07978150368517652,0.04816666846024192,0.04816666846024192,0.04816666846024192,0.04816666846024192
Summer Peak,0.3780480001197408,0.3780480001197408,0.3780480001197408,0.3780480001197408,0.3780480001197408,0.3780480001197408,0.3780480001197408,0.3780480001197408,0.3780480001197408,0.3780480001197408,0.6300396363302406,0.6300396363302406,0.6300396363302406,0.6300396363302406,0.6300396363302406,0.6300396363302406,0.6300396363302406,0.6300396363302406,0.6300396363302406,0.6300396363302406,0.6300396363302406,0.3780480001197408,0.3780480001197408,0.3780480001197408
Winter Peak,0.0,0.0,0.0,0.0,0.0,0.0,0.0,0.0,0.0,0.0,0.0,0.0,0.0,0.0,0.0,0.0,0.0,0.0,0.0,0.0,0.0,0.0,0.0,0.0
